body,eccentricity_e,semi_major_axis_a_AU,delta_phi_GR_arcsec_century
Mercury,0.205630,0.387098,43.03
Venus,0.006772,0.723332,8.60
Earth,0.016709,1.000000,3.84
Mars,0.093412,1.523679,1.35
Icarus,0.826900,1.077000,10.05
WASP-12b,0.049000,0.022930,0.50
HD 80606b,0.933200,0.469000,1.20
HAT-P-2b,0.517000,0.067400,2.80